city_id,grievance_id,ward_id,ward_name_raw,ward_name_canon,category_raw,sub_category_raw,category_norm,description,created_at,status,lat,lng
blr,20096407,14.0,Bagalagunte,Bagalakunte,Road Maintenance(Engg),Road cutting,ROADS,,2020-12-31 11:33:00,Closed,,
blr,20096406,,Subedarapalya,,Electrical,Street Light Not Working,STREETLIGHT,,2020-12-31 11:30:00,Closed,,
blr,20096405,105.0,Agrahara Dasarahalli,Agrahara Dasarahalli,Electrical,Street Light Not Working,STREETLIGHT,,2020-12-31 11:28:00,Closed,,
blr,20096404,66.0,Subramanya Nagar,Subramanya Nagar,Electrical,Street Light Not Working,STREETLIGHT,,2020-12-31 11:26:00,Closed,,
blr,20096403,72.0,Herohalli,Herohalli,Electrical,Street Light Not Working,STREETLIGHT,,2020-12-31 11:23:00,Closed,,
blr,20096402,187.0,Puttenahalli,Puttenahalli,Electrical,Street Light Not Working,STREETLIGHT,,2020-12-31 11:21:00,Closed,,
blr,20096401,25.0,Horamavu,Horamavu,Electrical,Street Light Not Working,STREETLIGHT,,2020-12-31 11:16:00,Closed,,
blr,20096400,160.0,Rajarajeshwari Nagar,Rajarajeshwari Nagar,Electrical,Street Light Not Working,STREETLIGHT,,2020-12-31 11:14:00,Closed,,
blr,20096399,67.0,Nagapura,Nagapura,Forest,Removal of dead/fallen trees,OTHER,,2020-12-31 11:12:00,Resolved,,
blr,20096398,,Rajamahal,,Road Maintenance(Engg),Potholes,ROADS,,2020-12-31 11:10:00,Closed,,
blr,20096397,,Jnanabharathi Ward,,Solid Waste (Garbage) Related,Garbage vehicle not arrived,GARBAGE,,2020-12-31 11:09:00,Rejected,,
blr,20096396,45.0,Malleshwaram,Malleswaram,Electrical,Street Light Not Working,STREETLIGHT,,2020-12-31 11:05:00,Closed,,
blr,20096395,50.0,Benniganahalli,Benniganahalli,Solid Waste (Garbage) Related,Dead animal(s),GARBAGE,,2020-12-31 08:37:00,Closed,,
blr,20096394,142.0,Sunkenahalli,Sunkenahalli,Road Maintenance(Engg),footpath encroachment,ROADS,,2020-12-31 10:50:00,Closed,,
blr,20096393,,Kavalbyrasandra,,Electrical,Street Light Not Working,STREETLIGHT,,2020-12-31 10:44:00,Closed,,
blr,20096392,40.0,Dodda Bidarkallu,Dodda Bidarakallu,Electrical,Street Light Not Working,STREETLIGHT,,2020-12-31 10:41:00,Closed,,
blr,20096391,180.0,Banashankari Temple Ward,Banashankari Temple ward,Electrical,Street Light Not Working,STREETLIGHT,,2020-12-31 10:39:00,Closed,,
blr,20096390,119.0,Dharmarayaswamy Temple Ward,Dharmaraya Swamy Temple,Electrical,Street Light Not Working,STREETLIGHT,,2020-12-31 10:35:00,Closed,,
blr,20096389,128.0,Nagarabhavi,Nagarabhavi,Electrical,Street Light Not Working,STREETLIGHT,,2020-12-31 10:34:00,Closed,,
blr,20096388,195.0,Konanakunte,Konankunte,Electrical,Street Light Not Working,STREETLIGHT,,2020-12-31 10:26:00,Closed,,
blr,20096387,35.0,Aramane Nagar,Aramane Nagara,Solid Waste (Garbage) Related,Garbage dumping in vacant sites,GARBAGE,,2020-12-31 10:22:00,Closed,,
blr,20096386,181.0,Kumaraswamy Layout,Kumaraswamy Layout,veterinary,Stray dog related complaints,OTHER,,2020-12-31 09:58:00,Closed,,
blr,20096385,68.0,Mahalakshmipuram,Mahalakshimpuram,Electrical,Street Light Not Working,STREETLIGHT,,2020-12-31 09:49:00,Closed,,
blr,20096384,53.0,Basavanapura,Basavanapura,Electrical,Street Light Not Working,STREETLIGHT,,2020-12-31 09:43:00,Closed,,
blr,20096383,,Jnanabharathi Ward,,Electrical,Street Light Not Working,STREETLIGHT,,2020-12-31 09:28:00,Closed,,
blr,20096382,192.0,Begur,Begur,Electrical,Street Light Not Working,STREETLIGHT,,2020-12-31 09:24:00,Closed,,
blr,20096381,4.0,Yelahanka old Satellite Town,Yelahanka Satellite Town,Electrical,Street Light Not Working,STREETLIGHT,,2020-12-31 09:08:00,Closed,,
blr,20096380,40.0,Dodda Bidarkallu,Dodda Bidarakallu,Road Maintenance(Engg),Potholes,ROADS,,2020-12-31 09:03:00,Closed,,
blr,20096379,1.0,Kempegowda Ward,Kempegowda Ward,Electrical,Street Light Not Working,STREETLIGHT,,2020-12-31 09:02:00,Closed,,
blr,20096378,114.0,Agaram,Agaram,Solid Waste (Garbage) Related,Garbage vehicle not arrived,GARBAGE,,2020-12-31 08:59:00,Closed,,
blr,20096377,154.0,Basavanagudi,Basavanagudi,Electrical,Street Light Not Working,STREETLIGHT,,2020-12-31 08:45:00,Closed,,
blr,20096376,,Jnanabharathi Ward,,Solid Waste (Garbage) Related,Garbage vehicle not arrived,GARBAGE,,2020-12-31 08:32:00,Closed,,
blr,20096375,73.0,Kottigepalya,Kottegepalya,Road Maintenance(Engg),Road side drains,DRAINAGE,,2020-12-31 08:24:00,Closed,,
blr,20096374,195.0,Konanakunte,Konankunte,Electrical,Street Light Not Working,STREETLIGHT,,2020-12-31 08:21:00,Closed,,
blr,20096373,105.0,Agrahara Dasarahalli,Agrahara Dasarahalli,Electrical,Street Light Not Working,STREETLIGHT,,2020-12-31 08:05:00,Closed,,
blr,20096372,43.0,Nandini Layout,Nandini Layout,Electrical,Street Light Not Working,STREETLIGHT,,2020-12-31 08:02:00,Closed,,
blr,20096371,197.0,Vasanthapura,Vasanthpura,Solid Waste (Garbage) Related,Garbage vehicle not arrived,GARBAGE,,2020-12-31 07:45:00,Closed,,
blr,20096370,151.0,Koramangala,Koramangala,Solid Waste (Garbage) Related,Garbage dumping in vacant sites,GARBAGE,,2020-12-31 07:37:00,Closed,,
blr,20096369,68.0,Mahalakshmipuram,Mahalakshimpuram,Electrical,Street Light Not Working,STREETLIGHT,,2020-12-31 07:34:00,Closed,,
blr,20096368,184.0,Uttarahalli,Uttarahalli,Electrical,Street Light Not Working,STREETLIGHT,,2020-12-31 07:16:00,Closed,,
blr,20096367,73.0,Kottigepalya,Kottegepalya,Solid Waste (Garbage) Related,Segregation of waste is not done,GARBAGE,,2020-12-31 07:16:00,Closed,,
blr,20096366,,Jnanabharathi Ward,,Electrical,Street Light Not Working,STREETLIGHT,,2020-12-31 07:12:00,Closed,,
blr,20096365,5.0,Jakkur,Jakkuru,Solid Waste (Garbage) Related,Garbage dump,GARBAGE,,2020-12-31 07:10:00,Closed,,
blr,20096364,160.0,Rajarajeshwari Nagar,Rajarajeshwari Nagar,Electrical,Street Light Not Working,STREETLIGHT,,2020-12-31 07:10:00,Closed,,
blr,20096363,198.0,Hemmigepura,Hemmigepura,Road Maintenance(Engg),Potholes,ROADS,,2020-12-31 07:05:00,Rejected,,
blr,20096362,192.0,Begur,Begur,Road Maintenance(Engg),water stagnation,WATERLOGGING,,2020-12-31 07:03:00,Rejected,,
blr,20096361,113.0,Konena Agrahara,Konena Agrahara,Road Maintenance(Engg),Road side drains,DRAINAGE,,2020-12-31 07:02:00,Rejected,,
blr,20096360,192.0,Begur,Begur,Electrical,Street Light Not Working,STREETLIGHT,,2020-12-31 06:59:00,Closed,,
blr,20096359,192.0,Begur,Begur,Electrical,Street Light Not Working,STREETLIGHT,,2020-12-31 06:59:00,Closed,,
blr,20096358,103.0,Kaveripura,Kaveripura,Forest,obstructions Branches / Trees.,OTHER,,2020-12-31 06:59:00,Resolved,,
blr,20096357,197.0,Vasanthapura,Vasanthpura,Solid Waste (Garbage) Related,Sweeping not done,GARBAGE,,2020-12-31 06:57:00,Closed,,
blr,20096356,194.0,Gottigere,Gottigere,Solid Waste (Garbage) Related,Garbage dump,GARBAGE,,2020-12-31 06:51:00,Closed,,
blr,20096355,5.0,Jakkur,Jakkuru,Electrical,Street Light Not Working,STREETLIGHT,,2020-12-31 06:49:00,Closed,,
blr,20096354,159.0,Kengeri,Kengeri,Electrical,Street Light Not Working,STREETLIGHT,,2020-12-31 06:43:00,Closed,,
blr,20096353,1.0,Kempegowda Ward,Kempegowda Ward,Electrical,Street Light Not Working,STREETLIGHT,,2020-12-31 06:43:00,Closed,,
blr,20096352,103.0,Kaveripura,Kaveripura,Electrical,Street Light Not Working,STREETLIGHT,,2020-12-31 06:43:00,Closed,,
blr,20096351,164.0,Vidyapeetha,Vidyapeeta ward,Electrical,Street Light Not Working,STREETLIGHT,,2020-12-31 06:39:00,Closed,,
blr,20096350,16.0,Jalahalli,Jalahalli,Electrical,Street Light Not Working,STREETLIGHT,,2020-12-31 06:36:00,Closed,,
blr,20096349,5.0,Jakkur,Jakkuru,Electrical,Street Light Not Working,STREETLIGHT,,2020-12-31 06:32:00,Closed,,
blr,20096348,104.0,Govindraja Nagara,Govindaraja Nagar,Electrical,Street Light Not Working,STREETLIGHT,,2020-12-31 06:29:00,Closed,,
blr,20096347,160.0,Rajarajeshwari Nagar,Rajarajeshwari Nagar,Electrical,Street Light Not Working,STREETLIGHT,,2020-12-31 06:26:00,Closed,,
blr,20096346,,Someshwara,,Electrical,Street Light Not Working,STREETLIGHT,,2020-12-31 06:26:00,Closed,,
blr,20096345,179.0,Shakambari Nagar,Shakambari Nagar,Electrical,Street Light Not Working,STREETLIGHT,,2020-12-31 06:25:00,Closed,,
blr,20096344,,Jnanabharathi Ward,,Solid Waste (Garbage) Related,Burning of Garbage in Open Space,GARBAGE,,2020-12-31 06:22:00,Closed,,
blr,20096343,187.0,Puttenahalli,Puttenahalli,Electrical,Street Light Not Working,STREETLIGHT,,2020-12-31 06:20:00,Closed,,
blr,20096342,2.0,Chowdeshwari Ward,Chowdeswari Ward,Electrical,Street Light Not Working,STREETLIGHT,,2020-12-31 06:08:00,Closed,,
blr,20096341,,Jnanabharathi Ward,,Solid Waste (Garbage) Related,Burning of Garbage in Open Space,GARBAGE,,2020-12-31 06:05:00,Closed,,
blr,20096340,73.0,Kottigepalya,Kottegepalya,Solid Waste (Garbage) Related,Garbage vehicle not arrived,GARBAGE,,2020-12-31 06:02:00,Closed,,
blr,20096339,,Vishwanathnagenahalli,,Solid Waste (Garbage) Related,Dead animal(s),GARBAGE,,2020-12-31 05:57:00,Closed,,
blr,20096338,73.0,Kottigepalya,Kottegepalya,Solid Waste (Garbage) Related,Public dustbins not cleaned,GARBAGE,,2020-12-31 05:55:00,Closed,,
blr,20096337,177.0,J.P.Nagar,J P Nagar,Electrical,Street Light Not Working,STREETLIGHT,,2020-12-31 05:37:00,Closed,,
blr,20096336,188.0,Bilekahalli,Bilekhalli,Electrical,Street Light Not Working,STREETLIGHT,,2020-12-31 05:37:00,Closed,,
blr,20096335,188.0,Bilekahalli,Bilekhalli,Forest,Removal of dead/fallen trees,OTHER,,2020-12-31 05:35:00,Registered,,
blr,20096334,58.0,Newthippasandra,New Tippasandara,Electrical,Street Light Not Working,STREETLIGHT,,2020-12-31 05:34:00,Closed,,
blr,20096333,184.0,Uttarahalli,Uttarahalli,Solid Waste (Garbage) Related,Garbage vehicle not arrived,GARBAGE,,2020-12-31 05:33:00,Closed,,
blr,20096332,45.0,Malleshwaram,Malleswaram,Electrical,Street Light Not Working,STREETLIGHT,,2020-12-31 05:15:00,Closed,,
blr,20096331,160.0,Rajarajeshwari Nagar,Rajarajeshwari Nagar,Lakes,Dumping of garbage into lake,GARBAGE,,2020-12-31 05:12:00,Rejected,,
blr,20096330,28.0,Kammanahalli,Kammanahalli,Electrical,Street Light Not Working,STREETLIGHT,,2020-12-31 05:08:00,Closed,,
blr,20096329,7.0,Byatarayanapura,Byatarayanapura,Solid Waste (Garbage) Related,Garbage dump,GARBAGE,,2020-12-31 04:55:00,Closed,,
blr,20096328,25.0,Horamavu,Horamavu,Electrical,Street Light Not Working,STREETLIGHT,,2020-12-31 04:52:00,Closed,,
blr,20096327,4.0,Yelahanka old Satellite Town,Yelahanka Satellite Town,Forest,obstructions Branches / Trees.,OTHER,,2020-12-31 04:50:00,Resolved,,
blr,20096326,153.0,Jayangar,Jayanagar,Electrical,Street Light Not Working,STREETLIGHT,,2020-12-31 04:26:00,Closed,,
blr,20096325,,Rajamahal,,Road Maintenance(Engg),Road side drains,DRAINAGE,,2020-12-31 04:24:00,Rejected,,
blr,20096324,,Kavalbyrasandra,,Electrical,Street Light Not Working,STREETLIGHT,,2020-12-31 04:24:00,Closed,,
blr,20096323,35.0,Aramane Nagar,Aramane Nagara,Forest,obstructions Branches / Trees.,OTHER,,2020-12-31 04:22:00,Resolved,,
blr,20096322,66.0,Subramanya Nagar,Subramanya Nagar,Electrical,Street Light Not Working,STREETLIGHT,,2020-12-31 04:22:00,Closed,,
blr,20096321,38.0,H.M.T,HMT Ward,Road Maintenance(Engg),water stagnation,WATERLOGGING,,2020-12-31 04:20:00,Rejected,,
blr,20096320,80.0,Hoysala Nagar,Hoysala Nagar,Solid Waste (Garbage) Related,Garbage vehicle not arrived,GARBAGE,,2020-12-31 04:17:00,Closed,,
blr,20096319,160.0,Rajarajeshwari Nagar,Rajarajeshwari Nagar,Solid Waste (Garbage) Related,Garbage vehicle not arrived,GARBAGE,,2020-12-31 04:15:00,Closed,,
blr,20096318,11.0,Kuvempu Nagar,Kuvempu Nagar,Solid Waste (Garbage) Related,Segregation of waste is not done,GARBAGE,,2020-12-31 04:15:00,Closed,,
blr,20096317,33.0,Manorayanapalya,Manorayanapalya,Electrical,Street Light Not Working,STREETLIGHT,,2020-12-31 04:14:00,Closed,,
blr,20096316,81.0,Vignana Nagar,Vijnana Nagar,Electrical,Street Light Not Working,STREETLIGHT,,2020-12-31 04:10:00,Closed,,
blr,20096315,40.0,Dodda Bidarkallu,Dodda Bidarakallu,Electrical,Street Light Not Working,STREETLIGHT,,2020-12-31 04:08:00,Closed,,
blr,20096314,12.0,Shettyhalli,Shettihalli,Solid Waste (Garbage) Related,Garbage dump,GARBAGE,,2020-12-31 04:08:00,Rejected,,
blr,20096313,111.0,Shanthala Nagar,Shantala Nagar,Road Maintenance(Engg),Overhanging cables,ROADS,,2020-12-31 03:59:00,Closed,,
blr,20096312,44.0,Marappana Palya,Marappana Palya,CORONA COVID19,Government regulations not being followed,OTHER,,2020-12-31 03:34:00,Closed,,
blr,20096311,174.0,HSR Layout,HSR Layout,Road Maintenance(Engg),Road side drains,DRAINAGE,,2020-12-31 03:31:00,Closed,,
blr,20096310,44.0,Marappana Palya,Marappana Palya,Parks and Play grounds,Play Grounds,OTHER,,2020-12-31 03:29:00,Closed,,
blr,20096309,73.0,Kottigepalya,Kottegepalya,veterinary,Stray dog related complaints,OTHER,,2020-12-31 03:21:00,Closed,,
blr,20096308,192.0,Begur,Begur,Electrical,Street Light Not Working,STREETLIGHT,,2020-12-31 03:19:00,Closed,,
blr,20096307,40.0,Dodda Bidarkallu,Dodda Bidarakallu,Storm  Water Drain(SWD),Maintenance of SWD,DRAINAGE,,2020-12-31 03:18:00,Closed,,
blr,20096306,167.0,Yadiyuru,Yediyur,Forest,Removal of dead/fallen trees,OTHER,,2020-12-31 03:12:00,Resolved,,
blr,20096305,177.0,J.P.Nagar,J P Nagar,Electrical,Street Light Not Working,STREETLIGHT,,2020-12-31 03:05:00,Closed,,
blr,20096304,184.0,Uttarahalli,Uttarahalli,Electrical,Street Light Not Working,STREETLIGHT,,2020-12-31 03:00:00,Closed,,
blr,20096303,30.0,Kadugondanahalli,Kadugondanahalli,Electrical,Street Light Not Working,STREETLIGHT,,2020-12-31 02:56:00,Closed,,
blr,20096302,76.0,Gayathri Nagar,Gayithri Nagar,Solid Waste (Garbage) Related,Public dustbins not cleaned,GARBAGE,,2020-12-31 12:05:00,Rejected,,
blr,20096301,76.0,Gayathri Nagar,Gayithri Nagar,Solid Waste (Garbage) Related,Garbage dump,GARBAGE,,2020-12-31 12:04:00,Rejected,,
blr,20096300,76.0,Gayathri Nagar,Gayithri Nagar,Solid Waste (Garbage) Related,Garbage dump,GARBAGE,,2020-12-31 12:02:00,Rejected,,
blr,20096299,76.0,Gayathri Nagar,Gayithri Nagar,Solid Waste (Garbage) Related,Garbage dump,GARBAGE,,2020-12-31 12:01:00,Rejected,,
blr,20096298,76.0,Gayathri Nagar,Gayithri Nagar,Solid Waste (Garbage) Related,Garbage dump,GARBAGE,,2020-12-31 12:00:00,Rejected,,
blr,20096297,76.0,Gayathri Nagar,Gayithri Nagar,Solid Waste (Garbage) Related,Garbage dump,GARBAGE,,2020-12-31 11:56:00,Rejected,,
blr,20096296,76.0,Gayathri Nagar,Gayithri Nagar,Solid Waste (Garbage) Related,Garbage dump,GARBAGE,,2020-12-31 11:47:00,Rejected,,
blr,20096295,76.0,Gayathri Nagar,Gayithri Nagar,Solid Waste (Garbage) Related,Garbage dump,GARBAGE,,2020-12-31 11:46:00,Rejected,,
blr,20096294,76.0,Gayathri Nagar,Gayithri Nagar,Solid Waste (Garbage) Related,Garbage dump,GARBAGE,,2020-12-31 11:43:00,Rejected,,
blr,20096293,76.0,Gayathri Nagar,Gayithri Nagar,Solid Waste (Garbage) Related,Garbage dump,GARBAGE,,2020-12-31 11:41:00,Rejected,,
blr,20096292,76.0,Gayathri Nagar,Gayithri Nagar,Solid Waste (Garbage) Related,Garbage dump,GARBAGE,,2020-12-31 11:39:00,Rejected,,
blr,20096291,76.0,Gayathri Nagar,Gayithri Nagar,Solid Waste (Garbage) Related,Garbage dump,GARBAGE,,2020-12-31 11:38:00,Rejected,,
blr,20096290,180.0,Banashankari Temple Ward,Banashankari Temple ward,CORONA COVID19,Government regulations not being followed,OTHER,,2020-12-31 02:54:00,Closed,,
blr,20096289,27.0,Banaswadi,Banasavadi,Electrical,Street Light Not Working,STREETLIGHT,,2020-12-31 02:51:00,Closed,,
blr,20096288,119.0,Dharmarayaswamy Temple Ward,Dharmaraya Swamy Temple,Road Maintenance(Engg),Debris Removal / Construction Material,GARBAGE,,2020-12-31 02:51:00,Rejected,,
blr,20096287,4.0,Yelahanka old Satellite Town,Yelahanka Satellite Town,Road Maintenance(Engg),Road cutting,ROADS,,2020-12-31 02:46:00,Closed,,
blr,20096286,94.0,Gandhi Nagar,Gandhinagar,Road Maintenance(Engg),Potholes,ROADS,,2020-12-31 02:44:00,Closed,,
blr,20096285,190.0,Mangammanapalya,Mangammanapalya,Solid Waste (Garbage) Related,Garbage dump,GARBAGE,,2020-12-31 02:43:00,Closed,,
blr,20096284,174.0,HSR Layout,HSR Layout,Road Maintenance(Engg),Road side drains,DRAINAGE,,2020-12-31 02:38:00,Closed,,
blr,20096283,40.0,Dodda Bidarkallu,Dodda Bidarakallu,Electrical,Street Light Not Working,STREETLIGHT,,2020-12-31 02:36:00,Closed,,
blr,20096282,88.0,Jeevanbhima Nagar,Jeevanbhima Nagar,Road Maintenance(Engg),Debris Removal / Construction Material,GARBAGE,,2020-12-31 02:35:00,Closed,,
blr,20096281,61.0,S.K.Garden,S K Garden,veterinary,Stray dog related complaints,OTHER,,2020-12-31 02:32:00,Closed,,
blr,20096280,150.0,Bellandur,Bellanduru,Solid Waste (Garbage) Related,Sweeping not done,GARBAGE,,2020-12-31 02:10:00,Closed,,
blr,20096279,29.0,Kacharakanahalli,Kacharkanahalli,Road Maintenance(Engg),footpath encroachment,ROADS,,2020-12-31 02:08:00,Closed,,
blr,20096278,127.0,Moodalapalya,Mudalapalya,Road Maintenance(Engg),water leakage on road,WATER_SUPPLY,,2020-12-31 02:06:00,Closed,,
blr,20096277,,Jnanabharathi Ward,,Electrical,Street Light Not Working,STREETLIGHT,,2020-12-31 02:03:00,Closed,,
blr,20096276,6.0,Thanisandra,Thanisandra,Electrical,Street Light Not Working,STREETLIGHT,,2020-12-31 02:00:00,Closed,,
blr,20096275,85.0,Doddanekkundi,Dodda Nekkundi,Revenue Department,"Khata Services (Registration, Transfer, Bifurcation and Amalgamation)",OTHER,,2020-12-31 01:58:00,Resolved,,
blr,20096274,14.0,Bagalagunte,Bagalakunte,Road Maintenance(Engg),Road side drains,DRAINAGE,,2020-12-31 01:57:00,Closed,,
blr,20096273,197.0,Vasanthapura,Vasanthpura,Electrical,Street Light Not Working,STREETLIGHT,,2020-12-31 01:51:00,Closed,,
blr,20096272,,Jnanabharathi Ward,,Electrical,Street Light Not Working,STREETLIGHT,,2020-12-31 01:48:00,Closed,,
blr,20096271,130.0,Ullalu,Ullalu,Solid Waste (Garbage) Related,Sweeping not done,GARBAGE,,2020-12-31 01:44:00,Closed,,
blr,20096270,138.0,Chalavadipalya,Chalavadipalya,Road Maintenance(Engg),footpath encroachment,ROADS,,2020-12-31 01:40:00,Closed,,
blr,20096269,25.0,Horamavu,Horamavu,Solid Waste (Garbage) Related,Garbage dumping in vacant sites,GARBAGE,,2020-12-31 01:38:00,Resolved,,
blr,20096268,,Vijay Nagar,,Road Maintenance(Engg),water stagnation,WATERLOGGING,,2020-12-31 01:33:00,Closed,,
blr,20096267,67.0,Nagapura,Nagapura,Solid Waste (Garbage) Related,Garbage vehicle not arrived,GARBAGE,,2020-12-31 01:28:00,Closed,,
blr,20096266,187.0,Puttenahalli,Puttenahalli,Solid Waste (Garbage) Related,Dead animal(s),GARBAGE,,2020-12-31 01:28:00,Closed,,
blr,20096265,119.0,Dharmarayaswamy Temple Ward,Dharmaraya Swamy Temple,Electrical,Street Light Not Working,STREETLIGHT,,2020-12-31 01:25:00,Closed,,
blr,20096264,25.0,Horamavu,Horamavu,Electrical,Street Light Not Working,STREETLIGHT,,2020-12-31 01:15:00,Closed,,
blr,20096263,25.0,Horamavu,Horamavu,Road Maintenance(Engg),Road side drains,DRAINAGE,,2020-12-31 01:11:00,Closed,,
blr,20096262,160.0,Rajarajeshwari Nagar,Rajarajeshwari Nagar,Electrical,Street Light Not Working,STREETLIGHT,,2020-12-31 01:10:00,Closed,,
blr,20096261,62.0,Ramaswamy Palya,Ramaswamy Palya,Forest,obstructions Branches / Trees.,OTHER,,2020-12-31 01:09:00,Resolved,,
blr,20096260,39.0,Chokkasandra,Chokkasandra,Electrical,Street Light Not Working,STREETLIGHT,,2020-12-31 01:09:00,Closed,,
blr,20096259,195.0,Konanakunte,Konankunte,Electrical,Street Light Not Working,STREETLIGHT,,2020-12-31 01:03:00,Closed,,
blr,20096258,,Jnanabharathi Ward,,Solid Waste (Garbage) Related,Segregation of waste is not done,GARBAGE,,2020-12-31 01:02:00,Closed,,
blr,20096257,150.0,Bellandur,Bellanduru,Forest,Issues related Snakes/Birds/Monkeys,OTHER,,2020-12-31 01:00:00,Resolved,,
blr,20096256,153.0,Jayangar,Jayanagar,Electrical,Street Light Not Working,STREETLIGHT,,2020-12-31 12:57:00,Closed,,
blr,20096255,80.0,Hoysala Nagar,Hoysala Nagar,Road Maintenance(Engg),Potholes,ROADS,,2020-12-31 12:49:00,Closed,,
blr,20096254,40.0,Dodda Bidarkallu,Dodda Bidarakallu,Road Maintenance(Engg),Road side drains,DRAINAGE,,2020-12-31 12:47:00,Closed,,
blr,20096253,,Someshwara,,Electrical,Street Light Not Working,STREETLIGHT,,2020-12-31 12:45:00,Closed,,
blr,20096252,27.0,Banaswadi,Banasavadi,Solid Waste (Garbage) Related,Garbage vehicle not arrived,GARBAGE,,2020-12-31 12:44:00,Closed,,
blr,20096251,134.0,Bapuji Nagar,Bapuji Nagar,Road Maintenance(Engg),Potholes,ROADS,,2020-12-31 12:39:00,Closed,,
blr,20096250,114.0,Agaram,Agaram,Solid Waste (Garbage) Related,Public dustbins not cleaned,GARBAGE,,2020-12-31 12:39:00,Closed,,
blr,20096249,192.0,Begur,Begur,Road Maintenance(Engg),Road side drains,DRAINAGE,,2020-12-31 12:33:00,Closed,,
blr,20096248,24.0,HBR Layout,HBR Layout,Road Maintenance(Engg),footpath encroachment,ROADS,,2020-12-31 12:33:00,Closed,,
blr,20096247,192.0,Begur,Begur,Electrical,Street Light Not Working,STREETLIGHT,,2020-12-31 12:26:00,Closed,,
blr,20096246,152.0,Sudduguntepalya,Suddagunte Palya,Road Maintenance(Engg),Footpath,ROADS,,2020-12-31 12:21:00,Closed,,
blr,20096245,185.0,Yelachenahalli,Yelchenahalli,Road Maintenance(Engg),Road side drains,DRAINAGE,,2020-12-31 12:17:00,Closed,,
blr,20096244,36.0,Mathikere,Mattikere,Electrical,Street Light Not Working,STREETLIGHT,,2020-12-31 12:13:00,Closed,,
blr,20096243,17.0,J.P.Park,J P Park,Solid Waste (Garbage) Related,Sweeping not done,GARBAGE,,2020-12-31 12:10:00,Closed,,
blr,20096242,17.0,J.P.Park,J P Park,Electrical,Street Light Not Working,STREETLIGHT,,2020-12-31 12:10:00,Closed,,
blr,20096241,6.0,Thanisandra,Thanisandra,Solid Waste (Garbage) Related,Garbage dump,GARBAGE,,2020-12-31 12:07:00,Closed,,
blr,20096240,58.0,Newthippasandra,New Tippasandara,Electrical,Street Light Not Working,STREETLIGHT,,2020-12-31 11:57:00,Closed,,
blr,20096239,117.0,Shanthi Nagar,Shanthi Nagar,Electrical,Requirement For New Street Lights,STREETLIGHT,,2020-12-31 11:52:00,Closed,,
blr,20096238,197.0,Vasanthapura,Vasanthpura,Electrical,Street Light Not Working,STREETLIGHT,,2020-12-31 11:44:00,Closed,,
blr,20096237,2.0,Chowdeshwari Ward,Chowdeswari Ward,Solid Waste (Garbage) Related,Sweeping not done,GARBAGE,,2020-12-31 11:42:00,Closed,,
blr,20096236,44.0,Marappana Palya,Marappana Palya,Solid Waste (Garbage) Related,Garbage vehicle not arrived,GARBAGE,,2020-12-31 11:38:00,Closed,,
blr,20096235,9.0,Vidyaranyapura,Vidyaranyapura,Road Maintenance(Engg),Debris Removal / Construction Material,GARBAGE,,2020-12-31 11:36:00,Closed,,
blr,20096234,174.0,HSR Layout,HSR Layout,Electrical,Street Light Not Working,STREETLIGHT,,2020-12-31 11:34:00,Closed,,
blr,20096233,27.0,Banaswadi,Banasavadi,Solid Waste (Garbage) Related,Dead animal(s),GARBAGE,,2020-12-31 11:31:00,Closed,,
blr,20096232,162.0,Giri Nagar,Girinagar,Solid Waste (Garbage) Related,Garbage vehicle not arrived,GARBAGE,,2020-12-31 11:28:00,Closed,,
blr,20096231,101.0,Kamakshipalya,Kamakshipalya,Road Maintenance(Engg),Road side drains,DRAINAGE,,2020-12-31 11:27:00,Closed,,
blr,20096230,193.0,Arakere,Arakere,Road Maintenance(Engg),Potholes,ROADS,,2020-12-31 11:24:00,Closed,,
blr,20096229,162.0,Giri Nagar,Girinagar,Solid Waste (Garbage) Related,Sweeping not done,GARBAGE,,2020-12-31 11:24:00,Closed,,
blr,20096228,183.0,Chikkalasandra,Chikkalsandra,Electrical,Street Light Not Working,STREETLIGHT,,2020-12-31 11:20:00,Closed,,
blr,20096227,174.0,HSR Layout,HSR Layout,Electrical,Street Light Not Working,STREETLIGHT,,2020-12-31 11:18:00,Closed,,
blr,20096226,151.0,Koramangala,Koramangala,Electrical,Street Light Not Working,STREETLIGHT,,2020-12-31 11:18:00,Closed,,
blr,20096225,,Subedarapalya,,Electrical,Street Light Not Working,STREETLIGHT,,2020-12-31 11:16:00,Closed,,
blr,20096224,,Jnanabharathi Ward,,Solid Waste (Garbage) Related,Garbage dump,GARBAGE,,2020-12-31 11:14:00,Closed,,
blr,20096223,26.0,Ramamurthy Nagar,Ramamurthy Nagar,veterinary,Animal birth control/neutering of stray dogs,OTHER,,2020-12-31 11:04:00,Closed,,
blr,20096222,167.0,Yadiyuru,Yediyur,Solid Waste (Garbage) Related,Garbage vehicle not arrived,GARBAGE,,2020-12-31 11:00:00,Closed,,
blr,20096221,27.0,Banaswadi,Banasavadi,Solid Waste (Garbage) Related,Garbage dump,GARBAGE,,2020-12-31 10:57:00,Closed,,
blr,20096220,52.0,K.R.Puram,K R Puram,Solid Waste (Garbage) Related,Sweeping not done,GARBAGE,,2020-12-31 10:57:00,Resolved,,
blr,20096219,147.0,Adugodi,Adugodi,Solid Waste (Garbage) Related,Dead animal(s),GARBAGE,,2020-12-31 10:57:00,Closed,,
blr,20096218,191.0,Singasandra,Singasandra,Electrical,Street Light Not Working,STREETLIGHT,,2020-12-31 10:56:00,Closed,,
blr,20096217,160.0,Rajarajeshwari Nagar,Rajarajeshwari Nagar,Solid Waste (Garbage) Related,Sweeping not done,GARBAGE,,2020-12-31 10:51:00,Closed,,
blr,20096216,54.0,Hoodi,Hudi,Electrical,Street Light Not Working,STREETLIGHT,,2020-12-31 10:33:00,Closed,,
blr,20096215,149.0,Varthur,Varthuru,Road Maintenance(Engg),Debris Removal / Construction Material,GARBAGE,,2020-12-31 10:29:00,Closed,,
blr,20096214,73.0,Kottigepalya,Kottegepalya,Electrical,Street Light Not Working,STREETLIGHT,,2020-12-31 10:28:00,Closed,,
blr,20096213,77.0,Dattathreya Temple,Dattatreya Temple,Electrical,Street Light Not Working,STREETLIGHT,,2020-12-31 10:27:00,Closed,,
blr,20096212,69.0,Laggere,Laggere,Road Maintenance(Engg),Road side drains,DRAINAGE,,2020-12-31 10:23:00,Closed,,
blr,20096211,25.0,Horamavu,Horamavu,Electrical,Street Light Not Working,STREETLIGHT,,2020-12-31 10:20:00,Closed,,
blr,20096210,193.0,Arakere,Arakere,Solid Waste (Garbage) Related,Burning of Garbage in Open Space,GARBAGE,,2020-12-31 10:19:00,Closed,,
blr,20096209,172.0,Madiwala,Madivala,veterinary,Animal birth control/neutering of stray dogs,OTHER,,2020-12-31 10:11:00,Rejected,,
blr,20096208,157.0,Gali Anjaneya Swamy Temple Ward,Gali Anjenaya Temple ward,Road Maintenance(Engg),Potholes,ROADS,,2020-12-31 10:07:00,Closed,,
blr,20096207,104.0,Govindraja Nagara,Govindaraja Nagar,Electrical,Street Lights Switched On During Day Time,STREETLIGHT,,2020-12-31 09:59:00,Closed,,
blr,20096206,26.0,Ramamurthy Nagar,Ramamurthy Nagar,Solid Waste (Garbage) Related,Garbage vehicle not arrived,GARBAGE,,2020-12-31 09:42:00,Resolved,,
blr,20096205,5.0,Jakkur,Jakkuru,Solid Waste (Garbage) Related,Garbage vehicle not arrived,GARBAGE,,2020-12-31 09:42:00,Closed,,
blr,20096204,153.0,Jayangar,Jayanagar,Solid Waste (Garbage) Related,Garbage dump,GARBAGE,,2020-12-31 09:38:00,Closed,,
blr,20096203,191.0,Singasandra,Singasandra,Road Maintenance(Engg),Potholes,ROADS,,2020-12-31 09:36:00,Closed,,
blr,20096202,89.0,Jogupalya,Jogupalya,Forest,obstructions Branches / Trees.,OTHER,,2020-12-31 09:34:00,Resolved,,
blr,20096201,9.0,Vidyaranyapura,Vidyaranyapura,Electrical,Street Light Not Working,STREETLIGHT,,2020-12-31 09:34:00,Closed,,
blr,20096200,89.0,Jogupalya,Jogupalya,Forest,obstructions Branches / Trees.,OTHER,,2020-12-31 09:33:00,Resolved,,
blr,20096199,39.0,Chokkasandra,Chokkasandra,Solid Waste (Garbage) Related,Garbage vehicle not arrived,GARBAGE,,2020-12-31 09:29:00,Closed,,
blr,20096198,191.0,Singasandra,Singasandra,Electrical,Street Lights Switched On During Day Time,STREETLIGHT,,2020-12-31 09:29:00,Closed,,
blr,20096197,173.0,Jakkasandra,Jakkasandra,Solid Waste (Garbage) Related,Garbage dumping in vacant sites,GARBAGE,,2020-12-31 09:23:00,Closed,,
blr,20096196,58.0,Newthippasandra,New Tippasandara,Health Dept,Air/Noise pollution,OTHER,,2020-12-31 09:20:00,Closed,,
blr,20096195,190.0,Mangammanapalya,Mangammanapalya,Solid Waste (Garbage) Related,Complaint against SW collector/ SWM official for violation of SWM Rules,GARBAGE,,2020-12-31 09:17:00,Closed,,
blr,20096194,58.0,Newthippasandra,New Tippasandara,veterinary,Animal birth control/neutering of stray dogs,OTHER,,2020-12-31 09:16:00,Closed,,
blr,20096193,,Someshwara,,Electrical,Street Light Not Working,STREETLIGHT,,2020-12-31 09:12:00,Closed,,
blr,20096192,163.0,Katriguppe,Katriguppe,Solid Waste (Garbage) Related,Garbage nuisance while transporting,GARBAGE,,2020-12-31 09:11:00,Closed,,
blr,20096191,181.0,Kumaraswamy Layout,Kumaraswamy Layout,Electrical,Street Light Not Working,STREETLIGHT,,2020-12-31 09:00:00,Closed,,
blr,20096190,,Shankaramata,,Electrical,Street Light Not Working,STREETLIGHT,,2020-12-31 08:58:00,Closed,,
blr,20096189,25.0,Horamavu,Horamavu,Road Maintenance(Engg),Potholes,ROADS,,2020-12-31 08:57:00,Closed,,
blr,20096188,,Shankaramata,,Solid Waste (Garbage) Related,Garbage dump,GARBAGE,,2020-12-31 08:56:00,Closed,,
blr,20096187,86.0,Marathalli,Marathahalli,Solid Waste (Garbage) Related,Public dustbins not cleaned,GARBAGE,,2020-12-31 08:51:00,Closed,,
blr,20096186,155.0,Hanumantha Nagar,Hanumanth Nagar,Road Maintenance(Engg),Debris Removal / Construction Material,GARBAGE,,2020-12-31 08:51:00,Rejected,,
blr,20096185,108.0,Sri Rammandira,Sriramamandir,Electrical,Street Light Not Working,STREETLIGHT,,2020-12-31 08:40:00,Closed,,
blr,20096184,40.0,Dodda Bidarkallu,Dodda Bidarakallu,Solid Waste (Garbage) Related,Garbage vehicle not arrived,GARBAGE,,2020-12-31 08:40:00,Closed,,
blr,20096183,191.0,Singasandra,Singasandra,veterinary,Stray pig related complaints,OTHER,,2020-12-31 08:40:00,Closed,,
blr,20096182,73.0,Kottigepalya,Kottegepalya,Solid Waste (Garbage) Related,Segregation of waste is not done,GARBAGE,,2020-12-31 08:32:00,Closed,,
blr,20096181,5.0,Jakkur,Jakkuru,Solid Waste (Garbage) Related,Garbage vehicle not arrived,GARBAGE,,2020-12-31 08:28:00,Closed,,
blr,20096180,192.0,Begur,Begur,veterinary,Stray dog related complaints,OTHER,,2020-12-31 08:27:00,Closed,,
blr,20096179,30.0,Kadugondanahalli,Kadugondanahalli,Electrical,Street Light Not Working,STREETLIGHT,,2020-12-31 08:23:00,Closed,,
blr,20096178,185.0,Yelachenahalli,Yelchenahalli,Solid Waste (Garbage) Related,Dead animal(s),GARBAGE,,2020-12-31 08:05:00,Closed,,
blr,20096177,84.0,Hagadooru,Hagadur,Solid Waste (Garbage) Related,Garbage vehicle not arrived,GARBAGE,,2020-12-31 08:00:00,Closed,,
blr,20096176,132.0,Attiguppe,Attiguppe,Road Maintenance(Engg),water stagnation,WATERLOGGING,,2020-12-31 07:48:00,Closed,,
blr,20096175,160.0,Rajarajeshwari Nagar,Rajarajeshwari Nagar,Road Maintenance(Engg),Potholes,ROADS,,2020-12-31 07:14:00,Closed,,
blr,20096174,160.0,Rajarajeshwari Nagar,Rajarajeshwari Nagar,Electrical,Open Electrical Junction Box,STREETLIGHT,,2020-12-31 07:04:00,Closed,,
blr,20096173,190.0,Mangammanapalya,Mangammanapalya,Solid Waste (Garbage) Related,Garbage dump,GARBAGE,,2020-12-31 07:03:00,Closed,,
blr,20096172,160.0,Rajarajeshwari Nagar,Rajarajeshwari Nagar,Road Maintenance(Engg),Road side drains,DRAINAGE,,2020-12-31 06:56:00,Closed,,
blr,20096171,160.0,Rajarajeshwari Nagar,Rajarajeshwari Nagar,Electrical,Street Light Not Working,STREETLIGHT,,2020-12-31 06:51:00,Closed,,
blr,20096170,192.0,Begur,Begur,Electrical,Street Light Not Working,STREETLIGHT,,2020-12-31 06:48:00,Closed,,
blr,20096169,111.0,Shanthala Nagar,Shantala Nagar,Road Maintenance(Engg),footpath encroachment,ROADS,,2020-12-31 06:15:00,Closed,,
blr,20096168,67.0,Nagapura,Nagapura,Advertisement,Flex and banners,OTHER,,2020-12-31 06:13:00,Closed,,
blr,20096167,,Jnanabharathi Ward,,Electrical,Street Light Not Working,STREETLIGHT,,2020-12-31 05:28:00,Closed,,
blr,20096166,40.0,Dodda Bidarkallu,Dodda Bidarakallu,Road Maintenance(Engg),Footpath,ROADS,,2020-12-31 04:31:00,Closed,,
blr,20096165,61.0,S.K.Garden,S K Garden,Electrical,Street Light Not Working,STREETLIGHT,,2020-12-31 04:29:00,Closed,,
blr,20096164,54.0,Hoodi,Hudi,Solid Waste (Garbage) Related,Garbage vehicle not arrived,GARBAGE,,2020-12-30 11:19:00,Closed,,
blr,20096163,85.0,Doddanekkundi,Dodda Nekkundi,Electrical,Street Light Not Working,STREETLIGHT,,2020-12-30 11:10:00,Closed,,
blr,20096162,34.0,Gangenahalli,Gangenahalli,Revenue Department,"Khata Services (Registration, Transfer, Bifurcation and Amalgamation)",OTHER,,2020-12-30 10:58:00,Resolved,,
blr,20096161,82.0,Garudacharpalya,Garudachar Playa,Solid Waste (Garbage) Related,Garbage dump,GARBAGE,,2020-12-30 10:51:00,Closed,,
blr,20096160,91.0,Bharathi Nagar,Bharathi Nagar,Electrical,Street Light Not Working,STREETLIGHT,,2020-12-30 10:50:00,Closed,,
blr,20096159,27.0,Banaswadi,Banasavadi,Solid Waste (Garbage) Related,Garbage vehicle not arrived,GARBAGE,,2020-12-30 10:25:00,Closed,,
blr,20096158,26.0,Ramamurthy Nagar,Ramamurthy Nagar,Road Maintenance(Engg),Potholes,ROADS,,2020-12-30 10:20:00,Closed,,
blr,20096157,59.0,Maruthi Seva Nagar,Maruthi Seva Nagar,Electrical,Street Light Not Working,STREETLIGHT,,2020-12-30 10:18:00,Closed,,
blr,20096156,4.0,Yelahanka old Satellite Town,Yelahanka Satellite Town,Electrical,Street Light Not Working,STREETLIGHT,,2020-12-30 10:13:00,Closed,,
blr,20096155,94.0,Gandhi Nagar,Gandhinagar,Electrical,Street Light Not Working,STREETLIGHT,,2020-12-30 10:09:00,Closed,,
blr,20096154,,Shankaramata,,Electrical,Street Light Not Working,STREETLIGHT,,2020-12-30 10:08:00,Closed,,
blr,20096153,73.0,Kottigepalya,Kottegepalya,Solid Waste (Garbage) Related,Garbage vehicle not arrived,GARBAGE,,2020-12-30 09:54:00,Closed,,
blr,20096152,160.0,Rajarajeshwari Nagar,Rajarajeshwari Nagar,veterinary,Animal birth control/neutering of stray dogs,OTHER,,2020-12-30 09:47:00,Closed,,
blr,20096151,7.0,Byatarayanapura,Byatarayanapura,Electrical,Street Light Not Working,STREETLIGHT,,2020-12-30 09:43:00,Closed,,
blr,20096150,,Shankaramata,,Electrical,Street Light Not Working,STREETLIGHT,,2020-12-30 09:27:00,Closed,,
blr,20096149,,Kavalbyrasandra,,Electrical,Street Light Not Working,STREETLIGHT,,2020-12-30 09:23:00,Closed,,
blr,20096148,10.0,Doddabommasandra,Dodda Bommasandra,Electrical,Street Light Not Working,STREETLIGHT,,2020-12-30 09:20:00,Closed,,
blr,20096147,111.0,Shanthala Nagar,Shantala Nagar,Road Maintenance(Engg),Debris Removal / Construction Material,GARBAGE,,2020-12-30 09:13:00,Rejected,,
blr,20096146,160.0,Rajarajeshwari Nagar,Rajarajeshwari Nagar,Road Maintenance(Engg),Potholes,ROADS,,2020-12-30 09:11:00,Closed,,
blr,20096145,36.0,Mathikere,Mattikere,Electrical,Street Light Not Working,STREETLIGHT,,2020-12-30 09:06:00,Closed,,
blr,20096144,113.0,Konena Agrahara,Konena Agrahara,Electrical,Street Light Not Working,STREETLIGHT,,2020-12-30 08:55:00,Closed,,
blr,20096143,66.0,Subramanya Nagar,Subramanya Nagar,Electrical,Street Light Not Working,STREETLIGHT,,2020-12-30 08:52:00,Closed,,
blr,20096142,157.0,Gali Anjaneya Swamy Temple Ward,Gali Anjenaya Temple ward,Electrical,Street Light Not Working,STREETLIGHT,,2020-12-30 08:47:00,Closed,,
blr,20096141,85.0,Doddanekkundi,Dodda Nekkundi,Solid Waste (Garbage) Related,Garbage dump,GARBAGE,,2020-12-30 08:45:00,Closed,,
blr,20096140,182.0,Padmanabha Nagar,Padmanabha Nagar,Forest,Removal of dead/fallen trees,OTHER,,2020-12-30 08:39:00,Resolved,,
blr,20096139,197.0,Vasanthapura,Vasanthpura,Electrical,Street Light Not Working,STREETLIGHT,,2020-12-30 08:37:00,Closed,,
blr,20096138,27.0,Banaswadi,Banasavadi,Electrical,Street Light Not Working,STREETLIGHT,,2020-12-30 08:19:00,Closed,,
blr,20096137,17.0,J.P.Park,J P Park,Solid Waste (Garbage) Related,Burning of Garbage in Open Space,GARBAGE,,2020-12-30 08:18:00,Closed,,
blr,20096136,188.0,Bilekahalli,Bilekhalli,Electrical,Street Light Not Working,STREETLIGHT,,2020-12-30 08:13:00,Closed,,
blr,20096135,26.0,Ramamurthy Nagar,Ramamurthy Nagar,veterinary,Animal birth control/neutering of stray dogs,OTHER,,2020-12-30 08:09:00,Closed,,
blr,20096134,23.0,Nagavara,Nagavara,Solid Waste (Garbage) Related,Sweeping not done,GARBAGE,,2020-12-30 03:37:00,Closed,,
blr,20096133,23.0,Nagavara,Nagavara,CORONA COVID19,Others,OTHER,,2020-12-30 03:36:00,Closed,,
blr,20096132,54.0,Hoodi,Hudi,Electrical,Street Light Not Working,STREETLIGHT,,2020-12-30 08:06:00,Closed,,
blr,20096131,85.0,Doddanekkundi,Dodda Nekkundi,Revenue Department,"Khata Services (Registration, Transfer, Bifurcation and Amalgamation)",OTHER,,2020-12-30 08:02:00,Resolved,,
blr,20096130,6.0,Thanisandra,Thanisandra,Electrical,Street Light Not Working,STREETLIGHT,,2020-12-30 08:00:00,Closed,,
blr,20096129,160.0,Rajarajeshwari Nagar,Rajarajeshwari Nagar,Electrical,Street Light Not Working,STREETLIGHT,,2020-12-30 07:59:00,Closed,,
blr,20096128,195.0,Konanakunte,Konankunte,Electrical,Street Light Not Working,STREETLIGHT,,2020-12-30 07:59:00,Closed,,
blr,20096127,165.0,Ganeshmandira Ward,Ganesh Mandir ward,veterinary,Stray dog related complaints,OTHER,,2020-12-30 07:57:00,Closed,,
blr,20096126,,Jnanabharathi Ward,,Electrical,Street Light Not Working,STREETLIGHT,,2020-12-30 07:55:00,Closed,,
blr,20096125,169.0,Byrasandra,Byrasandra,Electrical,Street Light Not Working,STREETLIGHT,,2020-12-30 07:55:00,Closed,,
blr,20096124,20.0,Ganga Nagar,Ganga Nagar,Electrical,Street Light Not Working,STREETLIGHT,,2020-12-30 07:51:00,Closed,,
blr,20096123,149.0,Varthur,Varthuru,Electrical,Street Light Not Working,STREETLIGHT,,2020-12-30 07:47:00,Closed,,
blr,20096122,149.0,Varthur,Varthuru,Electrical,Street Light Not Working,STREETLIGHT,,2020-12-30 07:47:00,Closed,,
blr,20096121,72.0,Herohalli,Herohalli,Electrical,Street Light Not Working,STREETLIGHT,,2020-12-30 07:43:00,Closed,,
blr,20096120,169.0,Byrasandra,Byrasandra,Solid Waste (Garbage) Related,Garbage dump,GARBAGE,,2020-12-30 07:38:00,Closed,,
blr,20096119,25.0,Horamavu,Horamavu,Electrical,Street Light Not Working,STREETLIGHT,,2020-12-30 07:32:00,Closed,,
blr,20096118,182.0,Padmanabha Nagar,Padmanabha Nagar,Forest,Removal of dead/fallen trees,OTHER,,2020-12-30 07:29:00,Resolved,,
blr,20096117,196.0,Anjanapur,Anjanapura,Electrical,Street Light Not Working,STREETLIGHT,,2020-12-30 07:29:00,Rejected,,
blr,20096116,26.0,Ramamurthy Nagar,Ramamurthy Nagar,Electrical,Street Light Not Working,STREETLIGHT,,2020-12-30 07:20:00,Closed,,
blr,20096115,176.0,BTM Layout,BTM Layout,Electrical,Street Light Not Working,STREETLIGHT,,2020-12-30 07:19:00,Closed,,
blr,20096114,81.0,Vignana Nagar,Vijnana Nagar,Road Maintenance(Engg),Road side drains,DRAINAGE,,2020-12-30 07:14:00,Closed,,
blr,20096113,58.0,Newthippasandra,New Tippasandara,Electrical,Street Light Not Working,STREETLIGHT,,2020-12-30 07:09:00,Closed,,
blr,20096112,52.0,K.R.Puram,K R Puram,Electrical,Street Light Not Working,STREETLIGHT,,2020-12-30 07:07:00,Closed,,
blr,20096111,1.0,Kempegowda Ward,Kempegowda Ward,Electrical,Street Light Not Working,STREETLIGHT,,2020-12-30 07:04:00,Closed,,
blr,20096110,196.0,Anjanapur,Anjanapura,Electrical,Street Light Not Working,STREETLIGHT,,2020-12-30 07:01:00,Rejected,,
blr,20096109,191.0,Singasandra,Singasandra,Road Maintenance(Engg),Potholes,ROADS,,2020-12-30 07:00:00,Closed,,
blr,20096108,124.0,Hosahalli,Hosahalli,Electrical,Street Light Not Working,STREETLIGHT,,2020-12-30 06:59:00,Closed,,
blr,20096107,28.0,Kammanahalli,Kammanahalli,Electrical,Street Light Not Working,STREETLIGHT,,2020-12-30 06:55:00,Closed,,
blr,20096106,160.0,Rajarajeshwari Nagar,Rajarajeshwari Nagar,Electrical,Requirement For New Street Lights,STREETLIGHT,,2020-12-30 06:53:00,Closed,,
blr,20096105,191.0,Singasandra,Singasandra,Electrical,Street Light Not Working,STREETLIGHT,,2020-12-30 06:50:00,Closed,,
blr,20096104,192.0,Begur,Begur,Electrical,Street Light Not Working,STREETLIGHT,,2020-12-30 06:50:00,Closed,,
blr,20096103,19.0,Sanjay Nagar,Sanjaya Nagar,Road Maintenance(Engg),footpath encroachment,ROADS,,2020-12-30 06:49:00,Closed,,
blr,20096102,5.0,Jakkur,Jakkuru,Solid Waste (Garbage) Related,Sweeping not done,GARBAGE,,2020-12-30 06:48:00,Closed,,
blr,20096101,185.0,Yelachenahalli,Yelchenahalli,Health Dept,Fogging,OTHER,,2020-12-30 06:47:00,Closed,,
blr,20096100,16.0,Jalahalli,Jalahalli,Electrical,Street Light Not Working,STREETLIGHT,,2020-12-30 06:45:00,Closed,,
blr,20096099,5.0,Jakkur,Jakkuru,Road Maintenance(Engg),Debris Removal / Construction Material,GARBAGE,,2020-12-30 06:45:00,Closed,,
blr,20096098,197.0,Vasanthapura,Vasanthpura,Electrical,Street Light Not Working,STREETLIGHT,,2020-12-30 06:44:00,Closed,,
blr,20096097,81.0,Vignana Nagar,Vijnana Nagar,Solid Waste (Garbage) Related,Garbage dump,GARBAGE,,2020-12-30 06:44:00,Resolved,,
blr,20096096,5.0,Jakkur,Jakkuru,Electrical,Street Light Not Working,STREETLIGHT,,2020-12-30 06:43:00,Closed,,
blr,20096095,26.0,Ramamurthy Nagar,Ramamurthy Nagar,Electrical,Street Light Not Working,STREETLIGHT,,2020-12-30 06:42:00,Closed,,
blr,20096094,125.0,Marenahalli,Marenahalli,Electrical,Street Light Not Working,STREETLIGHT,,2020-12-30 06:41:00,Closed,,
blr,20096093,169.0,Byrasandra,Byrasandra,Electrical,Street Light Not Working,STREETLIGHT,,2020-12-30 06:38:00,Closed,,
blr,20096092,169.0,Byrasandra,Byrasandra,Electrical,Street Light Not Working,STREETLIGHT,,2020-12-30 06:38:00,Closed,,
blr,20096091,81.0,Vignana Nagar,Vijnana Nagar,Road Maintenance(Engg),Road side drains,DRAINAGE,,2020-12-30 06:37:00,Rejected,,
blr,20096090,81.0,Vignana Nagar,Vijnana Nagar,Electrical,Street Light Not Working,STREETLIGHT,,2020-12-30 06:34:00,Closed,,
blr,20096089,160.0,Rajarajeshwari Nagar,Rajarajeshwari Nagar,Electrical,Open Electrical Junction Box,STREETLIGHT,,2020-12-30 06:32:00,Closed,,
blr,20096088,81.0,Vignana Nagar,Vijnana Nagar,Road Maintenance(Engg),Debris Removal / Construction Material,GARBAGE,,2020-12-30 06:29:00,Closed,,
blr,20096087,,Jnanabharathi Ward,,Solid Waste (Garbage) Related,Dead animal(s),GARBAGE,,2020-12-30 06:26:00,Closed,,
blr,20096086,128.0,Nagarabhavi,Nagarabhavi,Road Maintenance(Engg),Potholes,ROADS,,2020-12-30 06:25:00,Rejected,,
blr,20096085,29.0,Kacharakanahalli,Kacharkanahalli,Forest,obstructions Branches / Trees.,OTHER,,2020-12-30 06:21:00,Resolved,,
blr,20096084,125.0,Marenahalli,Marenahalli,Road Maintenance(Engg),Road side drains,DRAINAGE,,2020-12-30 06:16:00,Closed,,
blr,20096083,27.0,Banaswadi,Banasavadi,Forest,obstructions Branches / Trees.,OTHER,,2020-12-30 06:16:00,Resolved,,
blr,20096082,39.0,Chokkasandra,Chokkasandra,Electrical,Street Light Not Working,STREETLIGHT,,2020-12-30 06:14:00,Closed,,
blr,20096081,39.0,Chokkasandra,Chokkasandra,Electrical,Street Light Not Working,STREETLIGHT,,2020-12-30 06:14:00,Closed,,
blr,20096080,80.0,Hoysala Nagar,Hoysala Nagar,Electrical,Street Light Not Working,STREETLIGHT,,2020-12-30 06:14:00,Closed,,
blr,20096079,113.0,Konena Agrahara,Konena Agrahara,Solid Waste (Garbage) Related,Sweeping not done,GARBAGE,,2020-12-30 06:04:00,Closed,,
blr,20096078,84.0,Hagadooru,Hagadur,Road Maintenance(Engg),Potholes,ROADS,,2020-12-30 06:03:00,Closed,,
blr,20096077,50.0,Benniganahalli,Benniganahalli,Road Maintenance(Engg),water stagnation,WATERLOGGING,,2020-12-30 06:00:00,Rejected,,
blr,20096076,170.0,Jayanagar East,Jayanagar East,Road Maintenance(Engg),Potholes,ROADS,,2020-12-30 05:56:00,Rejected,,
blr,20096075,139.0,K.R.Market,K R Market,Road Maintenance(Engg),Potholes,ROADS,,2020-12-30 05:51:00,Closed,,
blr,20096074,67.0,Nagapura,Nagapura,Solid Waste (Garbage) Related,Sweeping not done,GARBAGE,,2020-12-30 05:50:00,Closed,,
blr,20096073,160.0,Rajarajeshwari Nagar,Rajarajeshwari Nagar,Solid Waste (Garbage) Related,Garbage vehicle not arrived,GARBAGE,,2020-12-30 05:49:00,Closed,,
blr,20096072,8.0,Kodigehalli,Kodigehalli,Road Maintenance(Engg),Road side drains,DRAINAGE,,2020-12-30 05:48:00,Closed,,
blr,20096071,190.0,Mangammanapalya,Mangammanapalya,Electrical,Street Light Not Working,STREETLIGHT,,2020-12-30 05:47:00,Closed,,
blr,20096070,191.0,Singasandra,Singasandra,Road Maintenance(Engg),Debris Removal / Construction Material,GARBAGE,,2020-12-30 05:40:00,Closed,,
blr,20096069,85.0,Doddanekkundi,Dodda Nekkundi,Revenue Department,"Khata Services (Registration, Transfer, Bifurcation and Amalgamation)",OTHER,,2020-12-30 05:40:00,Resolved,,
blr,20096068,174.0,HSR Layout,HSR Layout,Solid Waste (Garbage) Related,Garbage dumping in vacant sites,GARBAGE,,2020-12-30 05:36:00,Closed,,
blr,20096067,10.0,Doddabommasandra,Dodda Bommasandra,Electrical,Street Light Not Working,STREETLIGHT,,2020-12-30 05:19:00,Closed,,
blr,20096066,182.0,Padmanabha Nagar,Padmanabha Nagar,Road Maintenance(Engg),Potholes,ROADS,,2020-12-30 05:08:00,Closed,,
blr,20096065,174.0,HSR Layout,HSR Layout,Electrical,Street Light Not Working,STREETLIGHT,,2020-12-30 05:03:00,Closed,,
blr,20096064,16.0,Jalahalli,Jalahalli,Solid Waste (Garbage) Related,Garbage dump,GARBAGE,,2020-12-30 04:52:00,Closed,,
blr,20096063,50.0,Benniganahalli,Benniganahalli,Electrical,Street Light Not Working,STREETLIGHT,,2020-12-30 04:40:00,Closed,,
blr,20096062,177.0,J.P.Nagar,J P Nagar,Electrical,Street Light Not Working,STREETLIGHT,,2020-12-30 04:38:00,Closed,,
blr,20096061,1.0,Kempegowda Ward,Kempegowda Ward,Electrical,Street Light Not Working,STREETLIGHT,,2020-12-30 04:36:00,Closed,,
blr,20096060,128.0,Nagarabhavi,Nagarabhavi,Electrical,Street Light Not Working,STREETLIGHT,,2020-12-30 04:31:00,Closed,,
blr,20096059,151.0,Koramangala,Koramangala,Electrical,Street Light Not Working,STREETLIGHT,,2020-12-30 04:11:00,Closed,,
blr,20096058,69.0,Laggere,Laggere,Electrical,Street Light Not Working,STREETLIGHT,,2020-12-30 04:10:00,Closed,,
blr,20096057,130.0,Ullalu,Ullalu,Road Maintenance(Engg),Potholes,ROADS,,2020-12-30 04:05:00,Closed,,
blr,20096056,162.0,Giri Nagar,Girinagar,Electrical,Street Light Not Working,STREETLIGHT,,2020-12-30 04:04:00,Closed,,
blr,20096055,109.0,Chikpete,Chickpete,Health Dept,Unhygienic premises in Hotel etc,OTHER,,2020-12-30 04:00:00,Closed,,
blr,20096054,,Jnanabharathi Ward,,Solid Waste (Garbage) Related,Garbage vehicle not arrived,GARBAGE,,2020-12-30 03:58:00,Closed,,
blr,20096053,26.0,Ramamurthy Nagar,Ramamurthy Nagar,Solid Waste (Garbage) Related,Garbage vehicle not arrived,GARBAGE,,2020-12-30 03:47:00,Resolved,,
blr,20096052,52.0,K.R.Puram,K R Puram,Electrical,Street Light Not Working,STREETLIGHT,,2020-12-30 03:46:00,Closed,,
blr,20096051,18.0,Radhakrishna Temple,Radhakrishna Temple Ward,Solid Waste (Garbage) Related,Garbage dump,GARBAGE,,2020-12-30 03:37:00,Closed,,
blr,20096050,166.0,Karisandra,Karisandra,Solid Waste (Garbage) Related,Garbage dump,GARBAGE,,2020-12-30 03:37:00,Closed,,
blr,20096049,18.0,Radhakrishna Temple,Radhakrishna Temple Ward,Forest,Removal of dead/fallen trees,OTHER,,2020-12-30 03:34:00,Resolved,,
blr,20096048,158.0,Deepanjali Nagar,Deepanjali Nagar,Electrical,Street Light Not Working,STREETLIGHT,,2020-12-30 03:34:00,Closed,,
blr,20096047,160.0,Rajarajeshwari Nagar,Rajarajeshwari Nagar,Electrical,Street Light Not Working,STREETLIGHT,,2020-12-30 03:24:00,Closed,,
blr,20096046,18.0,Radhakrishna Temple,Radhakrishna Temple Ward,Forest,Removal of dead/fallen trees,OTHER,,2020-12-30 03:22:00,Resolved,,
blr,20096045,50.0,Benniganahalli,Benniganahalli,Health Dept,Unhygienic premises in Hotel etc,OTHER,,2020-12-30 03:22:00,Closed,,
blr,20096044,111.0,Shanthala Nagar,Shantala Nagar,Electrical,Street Light Not Working,STREETLIGHT,,2020-12-30 03:21:00,Closed,,
blr,20096043,40.0,Dodda Bidarkallu,Dodda Bidarakallu,Electrical,Street Light Not Working,STREETLIGHT,,2020-12-30 03:18:00,Closed,,
blr,20096042,11.0,Kuvempu Nagar,Kuvempu Nagar,Road Maintenance(Engg),Potholes,ROADS,,2020-12-30 03:17:00,Closed,,
blr,20096041,150.0,Bellandur,Bellanduru,Road Maintenance(Engg),Potholes,ROADS,,2020-12-30 03:13:00,Closed,,
blr,20096040,160.0,Rajarajeshwari Nagar,Rajarajeshwari Nagar,Electrical,Street Light Not Working,STREETLIGHT,,2020-12-30 03:12:00,Closed,,
blr,20096039,194.0,Gottigere,Gottigere,Solid Waste (Garbage) Related,Sweeping not done,GARBAGE,,2020-12-30 03:12:00,Closed,,
blr,20096038,106.0,Dr.Rajkumar Ward,Dr. Raj Kumar Ward,Forest,obstructions Branches / Trees.,OTHER,,2020-12-30 03:12:00,Resolved,,
blr,20096037,161.0,Hosakerehalli,Hosakerehalli,Solid Waste (Garbage) Related,Dead animal(s),GARBAGE,,2020-12-30 03:07:00,Closed,,
blr,20096036,4.0,Yelahanka old Satellite Town,Yelahanka Satellite Town,Revenue Department,"Khata Services (Registration, Transfer, Bifurcation and Amalgamation)",OTHER,,2020-12-30 03:07:00,Closed,,
blr,20096035,197.0,Vasanthapura,Vasanthpura,Electrical,Street Light Not Working,STREETLIGHT,,2020-12-30 03:01:00,Closed,,
blr,20096034,160.0,Rajarajeshwari Nagar,Rajarajeshwari Nagar,Road Maintenance(Engg),Potholes,ROADS,,2020-12-30 03:00:00,Closed,,
blr,20096033,5.0,Jakkur,Jakkuru,Electrical,Street Light Not Working,STREETLIGHT,,2020-12-30 02:47:00,Closed,,
blr,20096032,20.0,Ganga Nagar,Ganga Nagar,Road Maintenance(Engg),Road cutting,ROADS,,2020-12-30 02:32:00,Closed,,
blr,20096031,,Shankaramata,,Solid Waste (Garbage) Related,Garbage vehicle not arrived,GARBAGE,,2020-12-30 02:32:00,Closed,,
blr,20096030,194.0,Gottigere,Gottigere,Solid Waste (Garbage) Related,Garbage dumping in vacant sites,GARBAGE,,2020-12-30 02:21:00,Closed,,
blr,20096029,194.0,Gottigere,Gottigere,Electrical,Street Light Not Working,STREETLIGHT,,2020-12-30 02:14:00,Rejected,,
blr,20096028,84.0,Hagadooru,Hagadur,Revenue Department,Unable to generate the property tax challan,OTHER,,2020-12-30 02:12:00,Resolved,,
blr,20096027,149.0,Varthur,Varthuru,Electrical,Street Light Not Working,STREETLIGHT,,2020-12-30 02:12:00,Closed,,
blr,20096026,38.0,H.M.T,HMT Ward,Road Maintenance(Engg),Overhanging cables,ROADS,,2020-12-30 02:10:00,Closed,,
blr,20096025,38.0,H.M.T,HMT Ward,Road Maintenance(Engg),Overhanging cables,ROADS,,2020-12-30 02:07:00,Closed,,
blr,20096024,160.0,Rajarajeshwari Nagar,Rajarajeshwari Nagar,Electrical,Street Light Not Working,STREETLIGHT,,2020-12-30 02:04:00,Closed,,
blr,20096023,21.0,Hebbal,Hebbala,veterinary,Stray dog related complaints,OTHER,,2020-12-30 02:04:00,Closed,,
blr,20096022,38.0,H.M.T,HMT Ward,Road Maintenance(Engg),footpath encroachment,ROADS,,2020-12-30 02:04:00,Closed,,
blr,20096021,38.0,H.M.T,HMT Ward,Solid Waste (Garbage) Related,Garbage dumping in vacant sites,GARBAGE,,2020-12-30 01:58:00,Closed,,
blr,20096020,38.0,H.M.T,HMT Ward,Solid Waste (Garbage) Related,Garbage dump,GARBAGE,,2020-12-30 01:56:00,Closed,,
blr,20096019,193.0,Arakere,Arakere,Road Maintenance(Engg),Debris Removal / Construction Material,GARBAGE,,2020-12-30 01:49:00,Closed,,
blr,20096018,147.0,Adugodi,Adugodi,Electrical,Street Light Not Working,STREETLIGHT,,2020-12-30 01:46:00,Closed,,
blr,20096017,163.0,Katriguppe,Katriguppe,Road Maintenance(Engg),Debris Removal / Construction Material,GARBAGE,,2020-12-30 01:46:00,Closed,,
blr,20096016,181.0,Kumaraswamy Layout,Kumaraswamy Layout,Forest,obstructions Branches / Trees.,OTHER,,2020-12-30 01:42:00,Resolved,,
blr,20096015,197.0,Vasanthapura,Vasanthpura,Electrical,Street Light Not Working,STREETLIGHT,,2020-12-30 01:41:00,Closed,,
blr,20096014,19.0,Sanjay Nagar,Sanjaya Nagar,Electrical,Street Light Not Working,STREETLIGHT,,2020-12-30 01:41:00,Closed,,
blr,20096013,197.0,Vasanthapura,Vasanthpura,Solid Waste (Garbage) Related,Sweeping not done,GARBAGE,,2020-12-30 01:40:00,Closed,,
blr,20096012,194.0,Gottigere,Gottigere,Electrical,Street Light Not Working,STREETLIGHT,,2020-12-30 01:33:00,Closed,,
blr,20096011,150.0,Bellandur,Bellanduru,Road Maintenance(Engg),Potholes,ROADS,,2020-12-30 01:27:00,Closed,,
blr,20096010,8.0,Kodigehalli,Kodigehalli,Electrical,Street Light Not Working,STREETLIGHT,,2020-12-30 01:19:00,Closed,,
blr,20096009,7.0,Byatarayanapura,Byatarayanapura,Lakes,Sewage inflow to lake,DRAINAGE,,2020-12-30 01:15:00,Closed,,
blr,20096008,68.0,Mahalakshmipuram,Mahalakshimpuram,Sanitation,Urination in Public/Open Defecation,GARBAGE,,2020-12-30 01:13:00,Closed,,
blr,20096007,,Vishwanathnagenahalli,,Electrical,Street Light Not Working,STREETLIGHT,,2020-12-30 01:07:00,Closed,,
blr,20096006,,Rajamahal,,Electrical,Street Light Not Working,STREETLIGHT,,2020-12-30 01:07:00,Closed,,
blr,20096005,54.0,Hoodi,Hudi,Solid Waste (Garbage) Related,Garbage dump,GARBAGE,,2020-12-30 01:04:00,Closed,,
blr,20096004,109.0,Chikpete,Chickpete,Health Dept,Air/Noise pollution,OTHER,,2020-12-30 01:00:00,Closed,,
blr,20096003,6.0,Thanisandra,Thanisandra,veterinary,Animal birth control/neutering of stray dogs,OTHER,,2020-12-30 12:57:00,Closed,,
blr,20096002,149.0,Varthur,Varthuru,Others,Others,OTHER,,2020-12-30 12:55:00,Rejected,,
blr,20096001,109.0,Chikpete,Chickpete,Road Maintenance(Engg),Road cutting,ROADS,,2020-12-30 12:54:00,Closed,,
blr,20096000,176.0,BTM Layout,BTM Layout,Solid Waste (Garbage) Related,Dead animal(s),GARBAGE,,2020-12-30 12:51:00,Rejected,,
blr,20095999,131.0,Nayandanahalli,Nayandahalli,Solid Waste (Garbage) Related,Complaint against SW collector/ SWM official for violation of SWM Rules,GARBAGE,,2020-12-30 12:43:00,Resolved,,
blr,20095998,197.0,Vasanthapura,Vasanthpura,Electrical,Street Light Not Working,STREETLIGHT,,2020-12-30 12:37:00,Closed,,
blr,20095997,196.0,Anjanapur,Anjanapura,veterinary,Stray dog related complaints,OTHER,,2020-12-30 12:37:00,Closed,,
blr,20095996,6.0,Thanisandra,Thanisandra,Electrical,Street Light Not Working,STREETLIGHT,,2020-12-30 12:35:00,Closed,,
blr,20095995,43.0,Nandini Layout,Nandini Layout,Road Maintenance(Engg),Debris Removal / Construction Material,GARBAGE,,2020-12-30 12:27:00,Closed,,
blr,20095994,192.0,Begur,Begur,Road Maintenance(Engg),Potholes,ROADS,,2020-12-30 12:26:00,Rejected,,
blr,20095993,130.0,Ullalu,Ullalu,veterinary,Animal birth control/neutering of stray dogs,OTHER,,2020-12-30 12:26:00,Closed,,
blr,20095992,130.0,Ullalu,Ullalu,veterinary,Animal birth control/neutering of stray dogs,OTHER,,2020-12-30 12:26:00,Closed,,
blr,20095991,130.0,Ullalu,Ullalu,veterinary,Animal birth control/neutering of stray dogs,OTHER,,2020-12-30 12:26:00,Closed,,
blr,20095990,130.0,Ullalu,Ullalu,veterinary,Animal birth control/neutering of stray dogs,OTHER,,2020-12-30 12:26:00,Closed,,
blr,20095989,130.0,Ullalu,Ullalu,veterinary,Animal birth control/neutering of stray dogs,OTHER,,2020-12-30 12:26:00,Closed,,
blr,20095988,130.0,Ullalu,Ullalu,veterinary,Animal birth control/neutering of stray dogs,OTHER,,2020-12-30 12:26:00,Closed,,
blr,20095987,130.0,Ullalu,Ullalu,veterinary,Animal birth control/neutering of stray dogs,OTHER,,2020-12-30 12:26:00,Closed,,
blr,20095986,130.0,Ullalu,Ullalu,veterinary,Animal birth control/neutering of stray dogs,OTHER,,2020-12-30 12:26:00,Closed,,
blr,20095985,167.0,Yadiyuru,Yediyur,Solid Waste (Garbage) Related,Garbage vehicle not arrived,GARBAGE,,2020-12-30 12:24:00,Closed,,
blr,20095984,25.0,Horamavu,Horamavu,Electrical,Street Light Not Working,STREETLIGHT,,2020-12-30 12:23:00,Closed,,
blr,20095983,197.0,Vasanthapura,Vasanthpura,Road Maintenance(Engg),Road side drains,DRAINAGE,,2020-12-30 12:21:00,Closed,,
blr,20095982,182.0,Padmanabha Nagar,Padmanabha Nagar,Road Maintenance(Engg),Potholes,ROADS,,2020-12-30 12:20:00,Closed,,
blr,20095981,66.0,Subramanya Nagar,Subramanya Nagar,Solid Waste (Garbage) Related,Garbage dump,GARBAGE,,2020-12-30 12:19:00,Closed,,
blr,20095980,19.0,Sanjay Nagar,Sanjaya Nagar,Electrical,Street Light Not Working,STREETLIGHT,,2020-12-30 12:16:00,Closed,,
blr,20095979,,Someshwara,,Electrical,Street Light Not Working,STREETLIGHT,,2020-12-30 12:14:00,Closed,,
blr,20095978,84.0,Hagadooru,Hagadur,Solid Waste (Garbage) Related,Garbage vehicle not arrived,GARBAGE,,2020-12-30 12:12:00,Closed,,
blr,20095977,189.0,Hongasandra,Hongasandra,veterinary,Stray dog related complaints,OTHER,,2020-12-30 12:11:00,Closed,,
blr,20095976,182.0,Padmanabha Nagar,Padmanabha Nagar,Road Maintenance(Engg),Footpath,ROADS,,2020-12-30 12:10:00,Closed,,
blr,20095975,192.0,Begur,Begur,Electrical,Street Light Not Working,STREETLIGHT,,2020-12-30 12:09:00,Closed,,
blr,20095974,76.0,Gayathri Nagar,Gayithri Nagar,Solid Waste (Garbage) Related,Garbage vehicle not arrived,GARBAGE,,2020-12-30 10:28:00,Rejected,,
blr,20095973,80.0,Hoysala Nagar,Hoysala Nagar,Road Maintenance(Engg),footpath encroachment,ROADS,,2020-12-30 12:06:00,Closed,,
blr,20095972,188.0,Bilekahalli,Bilekhalli,Solid Waste (Garbage) Related,Dead animal(s),GARBAGE,,2020-12-30 12:03:00,Closed,,
blr,20095971,130.0,Ullalu,Ullalu,Solid Waste (Garbage) Related,Garbage vehicle not arrived,GARBAGE,,2020-12-30 12:03:00,Closed,,
blr,20095970,188.0,Bilekahalli,Bilekhalli,Solid Waste (Garbage) Related,Garbage dump,GARBAGE,,2020-12-30 11:59:00,Closed,,
blr,20095969,14.0,Bagalagunte,Bagalakunte,veterinary,Stray dog related complaints,OTHER,,2020-12-30 11:58:00,Closed,,
blr,20095968,84.0,Hagadooru,Hagadur,Health Dept,Spraying,OTHER,,2020-12-30 11:43:00,Closed,,
blr,20095967,195.0,Konanakunte,Konankunte,Road Maintenance(Engg),Road cutting,ROADS,,2020-12-30 11:32:00,Closed,,
blr,20095966,27.0,Banaswadi,Banasavadi,Solid Waste (Garbage) Related,Garbage dump,GARBAGE,,2020-12-30 11:28:00,Closed,,
blr,20095965,111.0,Shanthala Nagar,Shantala Nagar,Electrical,Street Light Not Working,STREETLIGHT,,2020-12-30 11:26:00,Closed,,
blr,20095964,73.0,Kottigepalya,Kottegepalya,Electrical,Street Light Not Working,STREETLIGHT,,2020-12-30 11:26:00,Closed,,
blr,20095963,150.0,Bellandur,Bellanduru,Electrical,Street Light Not Working,STREETLIGHT,,2020-12-30 11:25:00,Closed,,
blr,20095962,43.0,Nandini Layout,Nandini Layout,Solid Waste (Garbage) Related,Garbage vehicle not arrived,GARBAGE,,2020-12-30 11:24:00,Closed,,
blr,20095961,72.0,Herohalli,Herohalli,Electrical,Street Light Not Working,STREETLIGHT,,2020-12-30 11:24:00,Closed,,
blr,20095960,186.0,Jaraganahalli,Jaraganahalli,Electrical,Street Light Not Working,STREETLIGHT,,2020-12-30 11:19:00,Closed,,
blr,20095959,130.0,Ullalu,Ullalu,Solid Waste (Garbage) Related,Garbage vehicle not arrived,GARBAGE,,2020-12-30 11:18:00,Closed,,
blr,20095958,55.0,Devasandra,Devasandra,Solid Waste (Garbage) Related,Garbage dump,GARBAGE,,2020-12-30 11:13:00,Resolved,,
blr,20095957,25.0,Horamavu,Horamavu,Road Maintenance(Engg),Footpath,ROADS,,2020-12-30 11:13:00,Closed,,
blr,20095956,88.0,Jeevanbhima Nagar,Jeevanbhima Nagar,Road Maintenance(Engg),Potholes,ROADS,,2020-12-30 11:08:00,Closed,,
blr,20095955,150.0,Bellandur,Bellanduru,Road Maintenance(Engg),Potholes,ROADS,,2020-12-30 11:05:00,Closed,,
blr,20095954,9.0,Vidyaranyapura,Vidyaranyapura,Road Maintenance(Engg),Road cutting,ROADS,,2020-12-30 10:58:00,Closed,,
blr,20095953,8.0,Kodigehalli,Kodigehalli,Electrical,Street Light Not Working,STREETLIGHT,,2020-12-30 10:58:00,Closed,,
blr,20095952,105.0,Agrahara Dasarahalli,Agrahara Dasarahalli,veterinary,Stray dog related complaints,OTHER,,2020-12-30 10:53:00,Closed,,
blr,20095951,27.0,Banaswadi,Banasavadi,Solid Waste (Garbage) Related,Garbage vehicle not arrived,GARBAGE,,2020-12-30 10:50:00,Closed,,
blr,20095950,,Jnanabharathi Ward,,Solid Waste (Garbage) Related,Garbage vehicle not arrived,GARBAGE,,2020-12-30 10:50:00,Closed,,
blr,20095949,174.0,HSR Layout,HSR Layout,Electrical,Street Light Not Working,STREETLIGHT,,2020-12-30 10:50:00,Closed,,
blr,20095948,5.0,Jakkur,Jakkuru,Electrical,Street Light Not Working,STREETLIGHT,,2020-12-30 10:48:00,Closed,,
blr,20095947,57.0,C.V.Raman Nagar,C V Raman Nagar,Road Maintenance(Engg),Road side drains,DRAINAGE,,2020-12-30 10:46:00,Closed,,
blr,20095946,149.0,Varthur,Varthuru,Road Maintenance(Engg),Potholes,ROADS,,2020-12-30 10:45:00,Closed,,
blr,20095945,49.0,Lingarajapuram,Lingarajapura,Electrical,Street Light Not Working,STREETLIGHT,,2020-12-30 10:45:00,Closed,,
blr,20095944,182.0,Padmanabha Nagar,Padmanabha Nagar,Solid Waste (Garbage) Related,Garbage dump,GARBAGE,,2020-12-30 10:45:00,Closed,,
blr,20095943,175.0,Bommanahalli,Bommanahalli,Solid Waste (Garbage) Related,Garbage dump,GARBAGE,,2020-12-30 10:43:00,Closed,,
blr,20095942,119.0,Dharmarayaswamy Temple Ward,Dharmaraya Swamy Temple,Electrical,Street Light Not Working,STREETLIGHT,,2020-12-30 10:42:00,Closed,,
blr,20095941,176.0,BTM Layout,BTM Layout,Solid Waste (Garbage) Related,Garbage vehicle not arrived,GARBAGE,,2020-12-30 10:41:00,Closed,,
blr,20095940,,Rajamahal,,Road Maintenance(Engg),Debris Removal / Construction Material,GARBAGE,,2020-12-30 10:40:00,Closed,,
blr,20095939,30.0,Kadugondanahalli,Kadugondanahalli,Electrical,Street Light Not Working,STREETLIGHT,,2020-12-30 10:37:00,Closed,,
blr,20095938,,Jnanabharathi Ward,,Road Maintenance(Engg),Potholes,ROADS,,2020-12-30 10:36:00,Closed,,
blr,20095937,93.0,Vasanth Nagar,Vasanth Nagar,Road Maintenance(Engg),water leakage on road,WATER_SUPPLY,,2020-12-30 10:35:00,Rejected,,
blr,20095936,6.0,Thanisandra,Thanisandra,Electrical,Street Light Not Working,STREETLIGHT,,2020-12-30 10:34:00,Closed,,
blr,20095935,151.0,Koramangala,Koramangala,Solid Waste (Garbage) Related,Complaint against SW collector/ SWM official for violation of SWM Rules,GARBAGE,,2020-12-30 10:34:00,Closed,,
blr,20095934,174.0,HSR Layout,HSR Layout,Solid Waste (Garbage) Related,Garbage vehicle not arrived,GARBAGE,,2020-12-30 10:33:00,Closed,,
blr,20095933,,Jnanabharathi Ward,,Solid Waste (Garbage) Related,Garbage vehicle not arrived,GARBAGE,,2020-12-30 10:30:00,Closed,,
blr,20095932,192.0,Begur,Begur,Solid Waste (Garbage) Related,Garbage vehicle not arrived,GARBAGE,,2020-12-30 10:28:00,Closed,,
blr,20095931,,Shankaramata,,Electrical,Street Light Not Working,STREETLIGHT,,2020-12-30 10:26:00,Closed,,
blr,20095930,171.0,Gurappanapalya,Gurappanapalya,Road Maintenance(Engg),Potholes,ROADS,,2020-12-30 10:23:00,Closed,,
blr,20095929,55.0,Devasandra,Devasandra,Electrical,Street Light Not Working,STREETLIGHT,,2020-12-30 10:22:00,Closed,,
blr,20095928,5.0,Jakkur,Jakkuru,Electrical,Street Light Not Working,STREETLIGHT,,2020-12-30 10:22:00,Closed,,
blr,20095927,52.0,K.R.Puram,K R Puram,Solid Waste (Garbage) Related,Garbage vehicle not arrived,GARBAGE,,2020-12-30 10:15:00,Resolved,,
blr,20095926,117.0,Shanthi Nagar,Shanthi Nagar,veterinary,Animal birth control/neutering of stray dogs,OTHER,,2020-12-30 10:15:00,Closed,,
blr,20095925,110.0,Sampangiram Nagar,Sampangiram Nagar,Electrical,Street Lights Switched On During Day Time,STREETLIGHT,,2020-12-30 10:09:00,Closed,,
blr,20095924,,Visvesvarapuram,,Solid Waste (Garbage) Related,Garbage dump,GARBAGE,,2020-12-30 10:09:00,Closed,,
blr,20095923,153.0,Jayangar,Jayanagar,Solid Waste (Garbage) Related,Sweeping not done,GARBAGE,,2020-12-30 10:05:00,Closed,,
blr,20095922,6.0,Thanisandra,Thanisandra,Electrical,Street Light Not Working,STREETLIGHT,,2020-12-30 09:56:00,Closed,,
blr,20095921,6.0,Thanisandra,Thanisandra,Electrical,Street Light Not Working,STREETLIGHT,,2020-12-30 09:55:00,Closed,,
blr,20095920,6.0,Thanisandra,Thanisandra,Solid Waste (Garbage) Related,Garbage vehicle not arrived,GARBAGE,,2020-12-30 09:54:00,Closed,,
blr,20095919,35.0,Aramane Nagar,Aramane Nagara,Solid Waste (Garbage) Related,Garbage dumping in vacant sites,GARBAGE,,2020-12-30 09:53:00,Closed,,
blr,20095918,132.0,Attiguppe,Attiguppe,Revenue Department,"Khata Services (Registration, Transfer, Bifurcation and Amalgamation)",OTHER,,2020-12-30 09:52:00,Resolved,,
blr,20095917,,Visvesvarapuram,,Solid Waste (Garbage) Related,Garbage dump,GARBAGE,,2020-12-30 09:48:00,Closed,,
blr,20095916,125.0,Marenahalli,Marenahalli,Solid Waste (Garbage) Related,Public dustbins not cleaned,GARBAGE,,2020-12-30 09:46:00,Resolved,,
blr,20095915,160.0,Rajarajeshwari Nagar,Rajarajeshwari Nagar,Solid Waste (Garbage) Related,Garbage vehicle not arrived,GARBAGE,,2020-12-30 09:33:00,Closed,,
blr,20095914,26.0,Ramamurthy Nagar,Ramamurthy Nagar,Road Maintenance(Engg),Road side drains,DRAINAGE,,2020-12-30 09:29:00,Closed,,
blr,20095913,192.0,Begur,Begur,Revenue Department,"Khata Services (Registration, Transfer, Bifurcation and Amalgamation)",OTHER,,2020-12-30 09:27:00,Closed,,
blr,20095912,,Jnanabharathi Ward,,Road Maintenance(Engg),Potholes,ROADS,,2020-12-30 09:26:00,Closed,,
blr,20095911,85.0,Doddanekkundi,Dodda Nekkundi,Revenue Department,"Khata Services (Registration, Transfer, Bifurcation and Amalgamation)",OTHER,,2020-12-30 09:26:00,Resolved,,
blr,20095910,67.0,Nagapura,Nagapura,Solid Waste (Garbage) Related,Garbage vehicle not arrived,GARBAGE,,2020-12-30 09:25:00,Closed,,
blr,20095909,182.0,Padmanabha Nagar,Padmanabha Nagar,Forest,obstructions Branches / Trees.,OTHER,,2020-12-30 09:24:00,Resolved,,
blr,20095908,25.0,Horamavu,Horamavu,Road Maintenance(Engg),Potholes,ROADS,,2020-12-30 09:07:00,Closed,,
